Datetime_UTC,Datetime_local,Lat_N,Lon_E,Site_description,Depth,Temperature,Salinity,TA,DIC,Nitrate,Ammonium,Ammonium_flag,Phosphate,Silicate,pH
2012-06-06T18:44Z,2012-06-07T07:44,-2.818,-171.727,Kanton; Ocean,1,28.52,35.42,2342.1,2015.6,3.553,1.232,1,0.358,1.702,
2012-06-06T18:44Z,2012-06-07T07:44,-2.818,-171.727,Kanton; Ocean,8,28.77,35.49,2339.3,2027.0,3.226,0.655,1,0.339,1.745,
2012-06-06T19:05Z,2012-06-07T08:05,-2.813,-171.720,Kanton; Ocean,1,30.22,35.44,2343.3,2020.3,3.426,0.480,1,0.259,1.786,
2012-06-06T19:15Z,2012-06-07T08:15,-2.812,-171.715,Kanton; Channel,1,27.97,35.45,2339.9,2015.1,3.377,0.283,1,0.170,1.749,
2012-06-06T19:24Z,2012-06-07T08:24,-2.812,-171.715,Kanton; Channel,8,29.21,35.45,2344.9,2025.5,3.307,0.155,1,0.392,1.718,
2012-06-06T19:57Z,2012-06-07T08:57,-2.805,-171.707,Kanton; Channel,1,28.15,35.48,2336.8,2018.4,3.387,0.276,1,0.249,1.770,
2012-06-06T20:08Z,2012-06-07T09:08,-2.805,-171.707,Kanton; Channel,4,28.79,35.54,2334.1,2012.4,2.799,0.818,1,0.165,1.504,
2012-06-06T20:48Z,2012-06-07T09:48,-2.810,-171.706,Kanton; Lagoon,1,28.96,37.03,2283.0,1946.7,0.110,0.369,1,0.030,2.232,
2012-06-06T20:54Z,2012-06-07T09:54,-2.810,-171.706,Kanton; Lagoon,8,29.07,37.63,2268.2,1940.5,0.161,0.200,1,0.047,2.427,
2012-06-06T21:32Z,2012-06-07T10:32,-2.828,-171.664,Kanton; Lagoon,1,28.79,38.11,2260.8,1912.7,,0.297,1,0.031,2.500,
2012-06-06T21:39Z,2012-06-07T10:39,-2.828,-171.664,Kanton; Lagoon,8,29.09,38.07,2260.6,1913.1,0.085,0.831,1,0.043,2.557,
2012-06-06T22:11Z,2012-06-07T11:11,-2.846,-171.639,Kanton; Lagoon,1,28.92,38.56,2248.3,1882.8,,0.091,1,0.028,2.606,
2012-06-06T22:30Z,2012-06-07T11:30,-2.860,-171.621,Kanton; Lagoon,1,28.00,38.65,2247.3,1872.5,,0.034,1,0.026,2.645,
2012-06-07T00:45Z,2012-06-07T13:45,-2.846,-171.639,Kanton; Lagoon,1,29.46,38.56,2230.0,1891.1,,0.034,1,0.025,2.634,
2012-06-07T00:59Z,2012-06-07T13:59,-2.828,-171.664,Kanton; Lagoon,1,31.89,38.45,2255.4,1895.0,,0.144,1,0.025,2.577,
2012-06-07T01:04Z,2012-06-07T14:04,-2.828,-171.664,Kanton; Lagoon,8,29.71,38.28,2259.7,1899.7,,0.034,1,0.025,2.774,
2012-06-07T01:19Z,2012-06-07T14:19,-2.810,-171.706,Kanton; Lagoon,1,30.34,37.74,2263.1,1921.8,,0.248,1,0.038,2.574,
2012-06-07T01:25Z,2012-06-07T14:25,-2.810,-171.706,Kanton; Lagoon,8,29.49,37.81,2263.9,1935.9,0.400,0.273,1,0.051,2.627,
2012-06-07T01:45Z,2012-06-07T14:45,-2.805,-171.707,Kanton; Channel,1,29.49,35.75,2312.2,1989.9,2.721,0.302,1,0.052,1.847,
2012-06-07T02:01Z,2012-06-07T15:01,-2.812,-171.715,Kanton; Channel,1,30.52,35.80,2313.3,1975.4,2.900,0.292,1,0.111,1.825,
2012-06-07T02:09Z,2012-06-07T15:09,-2.813,-171.720,Kanton; Ocean,1,29.61,35.47,2340.4,2006.7,2.968,0.265,1,0.220,1.905,
2012-06-07T02:14Z,2012-06-07T15:14,-2.813,-171.720,Kanton; Ocean,8,28.84,35.64,2341.1,2009.3,2.839,0.356,1,0.369,1.834,
2012-06-07T02:22Z,2012-06-07T15:22,-2.818,-171.727,Kanton; Ocean,1,28.67,35.43,2339.8,2012.4,2.841,0.110,1,0.206,1.915,
2012-06-07T02:27Z,2012-06-07T15:27,-2.818,-171.727,Kanton; Ocean,8,28.77,35.42,2339.3,2007.2,2.775,,2,0.415,1.903,
2012-06-09T18:45Z,2012-06-10T07:45,-2.860,-171.621,Kanton; Lagoon,1,29.44,38.96,2253.1,1892.5,0.042,0.984,1,0.160,2.720,
2012-06-09T19:00Z,2012-06-10T08:00,-2.846,-171.639,Kanton; Lagoon,1,27.70,38.52,2253.7,1887.4,,0.312,1,0.034,2.717,
2012-06-09T19:14Z,2012-06-10T08:14,-2.828,-171.664,Kanton; Lagoon,1,28.00,38.04,2259.5,1919.4,,0.902,1,0.079,2.731,
2012-06-09T19:20Z,2012-06-10T08:20,-2.828,-171.664,Kanton; Lagoon,8,28.96,38.12,2257.4,1903.5,,0.480,1,0.038,2.635,
2012-06-09T19:34Z,2012-06-10T08:34,-2.810,-171.706,Kanton; Lagoon,1,30.17,37.09,2276.5,1934.8,,0.649,1,0.042,2.353,
2012-06-09T19:40Z,2012-06-10T08:40,-2.810,-171.706,Kanton; Lagoon,8,28.99,37.53,2269.3,1920.7,,0.312,1,0.042,2.546,
2012-06-09T19:58Z,2012-06-10T08:58,-2.805,-171.707,Kanton; Channel,1,29.02,35.51,2338.8,2010.3,3.403,1.154,1,0.303,1.726,
2012-06-09T20:04Z,2012-06-10T09:04,-2.805,-171.707,Kanton; Channel,8,28.89,35.63,2336.4,2011.3,3.372,0.744,1,0.246,1.740,
2012-06-09T20:13Z,2012-06-10T09:13,-2.812,-171.715,Kanton; Channel,1,27.88,35.48,2340.7,2015.6,3.437,0.589,1,0.294,1.792,
2012-06-09T20:18Z,2012-06-10T09:18,-2.812,-171.715,Kanton; Channel,8,28.94,35.51,2340.0,2008.6,3.321,0.997,1,0.344,1.739,
2012-06-09T20:28Z,2012-06-10T09:28,-2.813,-171.720,Kanton; Ocean,1,28.42,35.59,2339.9,2007.9,3.146,0.569,1,0.334,1.663,
2012-06-09T20:34Z,2012-06-10T09:34,-2.813,-171.720,Kanton; Ocean,8,28.87,35.50,2339.6,2008.6,3.300,0.479,1,0.390,1.757,
2012-06-09T20:42Z,2012-06-10T09:42,-2.818,-171.727,Kanton; Ocean,1,28.22,35.47,2340.5,2008.1,3.279,0.431,1,0.368,1.736,
2012-06-09T20:47Z,2012-06-10T09:47,-2.818,-171.727,Kanton; Ocean,8,28.84,35.84,2344.2,2008.7,3.290,0.673,1,0.263,1.764,
2012-06-10T18:52Z,2012-06-11T07:52,-3.118,-171.093,Enderbury; Ocean,1,27.70,36.10,2334.4,2017.8,,,,,,
2012-06-10T18:59Z,2012-06-11T07:59,-3.118,-171.093,Enderbury; Ocean,8,28.72,35.90,2338.8,2011.3,,,,,,
2012-06-10T19:18Z,2012-06-11T08:18,-3.105,-171.092,Enderbury; Ocean,1,28.52,36.12,2338.8,2015.4,,,,,,
2012-06-10T19:18Z,2012-06-11T08:18,-3.105,-171.092,Enderbury; Ocean,8,28.84,35.76,2336.9,2008.1,,,,,,
2012-06-10T19:39Z,2012-06-11T08:39,-3.142,-171.093,Enderbury; Ocean,1,28.20,35.90,2344.1,2005.3,,,,,,
2012-06-10T19:44Z,2012-06-11T08:44,-3.142,-171.093,Enderbury; Ocean,8,28.92,35.62,2338.7,2005.7,,,,,,
2012-06-11T00:20Z,2012-06-11T13:20,-3.118,-171.093,Enderbury; Ocean,1,29.34,35.47,2338.3,2003.8,,,,,,
2012-06-11T00:30Z,2012-06-11T13:30,-3.118,-171.093,Enderbury; Ocean,8,28.87,35.49,2337.1,2001.6,,,,,,
2012-06-11T02:28Z,2012-06-11T15:28,-3.126,-171.079,Enderbury; Ocean,1,29.44,35.57,2341.8,1981.3,,,,,,
2012-06-11T02:34Z,2012-06-11T15:34,-3.126,-171.079,Enderbury; Ocean,8,29.39,35.50,2344.0,2001.5,,,,,,
2012-06-11T04:04Z,2012-06-11T17:04,-3.118,-171.093,Enderbury; Ocean,1,27.19,35.45,2336.5,2001.6,,,,,,
2012-06-11T04:08Z,2012-06-11T17:08,-3.118,-171.093,Enderbury; Ocean,8,28.77,35.46,2340.0,2012.8,,,,,,
2012-06-12T19:04Z,2012-06-13T08:04,-3.118,-171.093,Enderbury; Ocean,1,29.79,35.48,2339.2,2006.9,,,,,,
2012-06-12T19:11Z,2012-06-13T08:11,-3.118,-171.093,Enderbury; Ocean,8,29.09,35.49,2338.7,2011.1,,,,,,
2012-06-12T21:59Z,2012-06-13T10:59,-3.118,-171.093,Enderbury; Ocean,1,28.32,35.46,2332.4,1994.8,,,,,,
2012-06-12T22:05Z,2012-06-13T11:05,-3.118,-171.093,Enderbury; Ocean,8,28.74,35.46,2340.0,2005.7,,,,,,
2012-06-13T03:14Z,2012-06-13T16:14,-3.118,-171.093,Enderbury; Ocean,1,28.17,35.47,2337.8,2007.0,,,,,,
2012-06-13T03:19Z,2012-06-13T16:19,-3.118,-171.093,Enderbury; Ocean,8,28.89,35.48,2340.7,2009.3,,,,,,
2012-06-13T18:29Z,2012-06-14T07:29,-3.722,-170.717,Rawaki; Ocean,1,29.02,35.49,2337.7,2011.0,,,,,,
2012-06-13T18:35Z,2012-06-14T07:35,-3.722,-170.717,Rawaki; Ocean,8,29.14,35.49,2342.5,2021.0,,,,,,
2012-06-13T21:18Z,2012-06-14T10:18,-3.720,-170.718,Rawaki; Ocean,1,28.39,35.49,2338.3,2008.9,,,,,,
2012-06-13T21:25Z,2012-06-14T10:25,-3.720,-170.718,Rawaki; Ocean,8,29.07,35.48,2338.3,2015.8,,,,,,
2012-06-14T00:37Z,2012-06-14T13:37,-3.722,-170.717,Rawaki; Ocean,1,28.25,35.56,2334.0,1994.1,,,,,,
2012-06-14T00:42Z,2012-06-14T13:42,-3.722,-170.717,Rawaki; Ocean,8,29.11,35.57,2344.8,2011.2,,,,,,
2012-06-14T02:14Z,2012-06-14T15:14,-3.727,-170.708,Rawaki; Ocean,1,29.07,35.48,2332.8,1999.3,,,,,,
2012-06-14T02:21Z,2012-06-14T15:21,-3.727,-170.708,Rawaki; Ocean,8,29.14,35.48,2340.3,2005.6,,,,,,
2012-06-14T02:33Z,2012-06-14T15:33,-3.725,-170.716,Rawaki; Ocean,1,27.04,35.46,2328.8,1988.1,,,,,,
2012-06-14T02:40Z,2012-06-14T15:40,-3.725,-170.716,Rawaki; Ocean,8,29.09,35.50,2340.5,2008.4,,,,,,
2012-06-16T18:50Z,2012-06-17T07:50,-4.677,-174.540,Nikumaroro; Ocean,1,27.38,35.53,2343.7,2004.2,,,,,,
2012-06-16T18:56Z,2012-06-17T07:56,-4.677,-174.540,Nikumaroro; Ocean,8,29.19,35.56,2343.8,2001.1,,,,,,
2012-06-16T19:07Z,2012-06-17T08:07,-4.679,-174.545,Nikumaroro; Ocean,1,29.14,35.55,2339.8,1998.6,,,,,,
2012-06-16T19:13Z,2012-06-17T08:13,-4.679,-174.545,Nikumaroro; Ocean,8,29.74,35.61,2344.1,2012.8,,,,,,
2012-06-17T00:36Z,2012-06-17T13:36,-4.679,-174.545,Nikumaroro; Ocean,1,28.54,35.52,2341.3,1990.9,,,,,,
2012-06-17T00:42Z,2012-06-17T13:42,-4.679,-174.545,Nikumaroro; Ocean,8,29.66,35.53,2341.0,1993.6,,,,,,
2012-06-17T00:52Z,2012-06-17T13:52,-4.677,-174.540,Nikumaroro; Ocean,1,31.31,35.54,2340.6,1980.0,,,,,,
2012-06-17T00:56Z,2012-06-17T13:56,-4.677,-174.540,Nikumaroro; Ocean,8,29.77,35.54,2338.9,1987.3,,,,,,
2012-06-17T01:13Z,2012-06-17T14:13,-4.650,-174.543,Nikumaroro; Ocean,1,29.64,35.58,2338.1,1995.8,,,,,,
2012-06-17T01:18Z,2012-06-17T14:18,-4.650,-174.543,Nikumaroro; Ocean,8,29.54,35.52,2338.4,1992.8,,,,,,
2012-06-16T16:30Z,2012-06-17T05:30,-4.668,-174.535,Nikumaroro; Ocean,1,29.09,35.94,2282.1,1899.5,,,,,,
2012-06-16T16:45Z,2012-06-17T05:45,-4.669,-174.539,Nikumaroro; Ocean,1,29.29,35.52,2306.1,1947.9,,,,,,
2012-06-17T19:19Z,2012-06-18T08:19,-4.667,-174.518,Nikumaroro; Ocean,1,30.02,35.51,2341.2,1999.5,,,,,,
2012-06-17T19:26Z,2012-06-18T08:26,-4.667,-174.518,Nikumaroro; Ocean,8,29.27,35.55,2338.7,1997.0,,,,,,
2012-06-17T20:37Z,2012-06-18T09:37,-4.667,-174.518,Nikumaroro; Ocean,1,29.59,35.51,2337.4,2003.1,,,,,,
2012-06-17T20:46Z,2012-06-18T09:46,-4.667,-174.518,Nikumaroro; Ocean,8,29.52,35.56,2341.5,2020.1,,,,,,
2012-06-17T21:15Z,2012-06-18T10:15,-4.679,-174.545,Nikumaroro; Ocean,1,28.34,35.55,2342.3,2001.8,,,,,,
2012-06-17T21:20Z,2012-06-18T10:20,-4.679,-174.545,Nikumaroro; Ocean,8,29.66,35.53,2342.0,1997.3,,,,,,
2012-06-17T21:28Z,2012-06-18T10:28,-4.677,-174.540,Nikumaroro; Ocean,1,31.51,35.54,2341.8,1995.9,,,,,,
2012-06-17T21:33Z,2012-06-18T10:33,-4.677,-174.540,Nikumaroro; Ocean,8,31.79,35.52,2344.2,2001.3,,,,,,
2012-06-18T02:15Z,2012-06-18T15:15,-4.668,-174.535,Nikumaroro; Lagoon,1,31.97,36.76,2204.1,1917.4,,,,,,
2012-06-18T02:40Z,2012-06-18T15:40,-4.669,-174.539,Nikumaroro; Channel,1,31.92,36.59,2222.0,1869.0,,,,,,
2012-06-18T04:08Z,2012-06-18T17:08,-4.668,-174.535,Nikumaroro; Lagoon,1,29.02,36.60,2192.5,1751.5,,,,,,
2015-09-05T19:11Z,2015-09-06T08:11,-2.813,-171.713,Kanton; Channel,4.0,28.59,34.83,2276.2,1935.5,0.196,0.520,1,0.125,0.399,
2015-09-05T19:17Z,2015-09-06T08:17,-2.813,-171.713,Kanton; Channel,1.0,28.59,34.61,2279.9,1931.2,0.224,0.498,1,0.145,0.527,
2015-09-06T22:17Z,2015-09-07T11:17,-2.830,-171.660,Kanton; Lagoon,1.0,30.42,35.22,2108.8,1791.0,0.236,0.792,1,0.170,1.084,
2015-09-05T21:47Z,2015-09-06T10:47,-2.813,-171.712,Kanton; Lagoon,1.0,34.73,34.50,2274.7,1925.2,0.214,0.866,1,0.127,0.548,
2015-09-05T21:47Z,2015-09-06T10:47,-2.813,-171.712,Kanton; Lagoon,4.0,29.82,34.48,2272.6,1920.4,0.160,0.455,1,0.066,0.589,
2015-09-07T01:05Z,2015-09-07T14:05,-2.813,-171.712,Kanton; Lagoon,2.0,30.44,34.54,2269.6,1924.6,0.227,0.717,1,0.173,0.622,
2015-09-07T01:08Z,2015-09-07T14:08,-2.813,-171.712,Kanton; Lagoon,1.0,30.44,34.96,2264.8,1895.2,0.253,1.139,1,0.131,0.560,
2015-09-05T22:08Z,2015-09-06T11:08,-2.814,-171.696,Kanton; Lagoon,1.0,30.42,34.79,2221.4,1899.0,0.191,0.835,1,0.085,0.654,
2015-09-05T22:08Z,2015-09-06T11:08,-2.814,-171.696,Kanton; Lagoon,10.0,29.84,34.89,2206.0,1895.2,0.242,0.693,1,0.099,0.678,
2015-09-06T23:31Z,2015-09-07T12:31,-2.814,-171.696,Kanton; Lagoon,1.0,30.45,34.75,2216.9,1913.3,0.138,0.722,1,0.078,0.763,
2015-09-06T23:31Z,2015-09-07T12:31,-2.810,-171.696,Kanton; Lagoon,10.0,30.45,34.86,2212.2,1888.6,0.136,0.901,1,0.083,0.780,
2015-09-05T19:52Z,2015-09-06T08:52,-2.816,-171.683,Kanton; Lagoon,3.0,29.02,34.95,2187.0,1869.0,0.566,0.636,1,0.121,0.980,
2015-09-05T20:02Z,2015-09-06T09:02,-2.816,-171.683,Kanton; Lagoon,1.0,31.74,35.01,2182.5,1880.1,0.381,0.303,1,0.111,0.914,
2015-09-05T22:27Z,2015-09-06T11:27,-2.816,-171.683,Kanton; Lagoon,3.0,30.62,34.96,2195.0,1870.5,0.144,0.358,1,0.088,0.883,
2015-09-05T22:29Z,2015-09-06T11:29,-2.816,-171.683,Kanton; Lagoon,1.0,30.43,34.94,2188.9,1869.2,0.214,0.562,1,0.066,0.905,
2015-09-06T23:01Z,2015-09-07T12:01,-2.820,-171.683,Kanton; Lagoon,1.0,30.43,34.50,2191.9,1871.8,0.171,0.553,1,0.081,0.897,
2015-09-06T23:07Z,2015-09-07T12:07,-2.816,-171.683,Kanton; Lagoon,3.0,30.44,34.96,2193.0,1870.8,0.129,1.068,1,0.059,0.921,
2015-09-05T20:18Z,2015-09-06T09:18,-2.828,-171.664,Kanton; Lagoon,1.0,30.85,35.22,2120.3,1792.4,,,,,,
2015-09-05T22:51Z,2015-09-06T11:51,-2.828,-171.664,Kanton; Lagoon,1.0,30.43,34.57,2121.8,1792.0,0.135,0.384,1,0.079,1.478,
2015-09-05T20:35Z,2015-09-06T09:35,-2.846,-171.640,Kanton; Lagoon,1.0,31.54,35.34,2094.8,1742.2,0.186,1.016,1,0.076,0.971,
2015-09-05T23:04Z,2015-09-06T12:04,-2.846,-171.640,Kanton; Lagoon,1.0,31.89,35.36,2095.5,1746.9,0.202,0.635,1,0.106,0.952,
2015-09-06T20:39Z,2015-09-07T09:39,-2.846,-171.640,Kanton; Lagoon,1.0,30.42,35.36,2078.3,1759.8,0.144,0.457,1,0.020,0.701,
2015-09-06T21:21Z,2015-09-07T10:21,-2.846,-171.640,Kanton; Lagoon,1.0,30.43,35.36,2076.5,1761.7,0.124,0.740,1,0.026,1.034,
2015-09-05T19:39Z,2015-09-06T08:39,-2.814,-171.696,Kanton; Lagoon,1.0,29.36,34.90,2213.9,1895.2,0.317,0.560,1,0.143,0.766,
2015-09-05T19:39Z,2015-09-06T08:39,-2.814,-171.696,Kanton; Lagoon,10.0,28.89,34.90,2219.1,1943.0,0.287,0.788,1,0.125,0.604,
2015-09-04T21:10Z,2015-09-05T10:10,-2.846,-171.640,Kanton; Lagoon,0.5,36.21,35.29,2093.4,1755.0,,,,,,
2015-09-04T21:50Z,2015-09-05T10:50,-2.846,-171.640,Kanton; Lagoon,0.5,33.77,35.35,2081.9,1759.3,0.177,0.101,1,0.053,1.213,
2015-09-06T03:22Z,2015-09-06T16:22,-2.805,-171.720,Kanton; Ocean,1.0,30.45,34.47,2258.1,1898.4,0.456,0.950,1,0.036,0.493,
2015-09-06T03:22Z,2015-09-06T16:22,-2.805,-171.720,Kanton; Ocean,10.0,29.49,34.44,2265.1,1917.2,0.283,0.444,1,0.183,0.621,
2015-09-05T02:32Z,2015-09-05T15:32,-2.784,-171.725,Kanton; Ocean,1.0,30.17,34.54,2273.7,1931.0,0.258,0.613,1,0.013,0.555,
2015-09-05T02:47Z,2015-09-05T15:47,-2.784,-171.725,Kanton; Ocean,10.0,29.84,34.49,2271.7,1911.9,0.231,0.071,1,0.039,0.591,
2015-09-06T00:07Z,2015-09-06T13:07,-2.805,-171.721,Kanton; Ocean,1.0,31.43,35.36,2260.9,1922.5,0.317,0.846,1,0.062,0.558,
2015-09-08T00:15Z,2015-09-08T13:15,-2.793,-171.720,Kanton; Ocean,1.0,30.46,34.46,2262.4,1904.3,0.286,0.881,1,0.158,0.523,
2015-09-08T00:20Z,2015-09-08T13:20,-2.793,-171.720,Kanton; Ocean,10.0,30.46,34.45,2267.5,1933.1,0.140,0.842,1,0.132,0.523,
2015-09-08T03:27Z,2015-09-08T16:27,-2.793,-171.720,Kanton; Ocean,1.0,28.52,34.47,2260.1,1887.8,0.355,0.776,1,0.186,0.516,
2015-09-08T03:27Z,2015-09-08T16:27,-2.793,-171.720,Kanton; Ocean,10.0,29.39,34.58,2269.1,1927.5,0.154,0.742,1,0.137,0.522,
2015-09-05T21:26Z,2015-09-06T10:26,-2.818,-171.717,Kanton; Ocean,1.0,30.41,34.44,2267.3,1922.5,0.140,0.664,1,0.047,0.563,
2015-09-05T21:26Z,2015-09-06T10:26,-2.818,-171.717,Kanton; Ocean,10.0,30.97,34.43,2276.2,1924.1,0.122,1.247,1,0.064,0.610,
2015-09-07T01:25Z,2015-09-07T14:25,-2.818,-171.717,Kanton; Ocean,1.0,30.43,34.45,2265.8,1929.3,0.156,0.753,1,0.124,0.331,
2015-09-07T01:25Z,2015-09-07T14:25,-2.818,-171.717,Kanton; Ocean,10.0,30.43,34.56,2275.3,1926.8,0.158,0.923,1,0.157,0.553,
2015-09-05T18:34Z,2015-09-06T07:34,-2.819,-171.728,Kanton; Ocean,1.0,28.47,34.45,2270.6,1923.2,0.207,0.320,1,0.106,0.485,
2015-09-05T18:34Z,2015-09-06T07:34,-2.819,-171.728,Kanton; Ocean,10.0,28.74,34.44,2271.7,1928.8,0.154,0.966,1,0.108,0.569,
2015-09-09T01:00Z,2015-09-09T14:00,-3.112,-171.093,Enderbury; Ocean,1,32.72,34.60,2282.8,1895.0,,,,,,
2015-09-09T01:00Z,2015-09-09T14:00,-3.112,-171.093,Enderbury; Ocean,10,30.12,34.57,2295.4,1930.6,,,,,,
2015-09-09T02:27Z,2015-09-09T15:27,-3.112,-171.093,Enderbury; Ocean,1,32.95,34.60,2275.3,1879.3,,,,,,
2015-09-09T02:27Z,2015-09-09T15:27,-3.112,-171.093,Enderbury; Ocean,10,33.76,34.59,2301.0,1926.8,,,,,,
2015-09-09T19:47Z,2015-09-10T08:47,-3.113,-171.093,Enderbury; Ocean,1,29.39,34.59,2302.1,1940.4,,,,,,
2015-09-09T19:47Z,2015-09-10T08:47,-3.113,-171.093,Enderbury; Ocean,10,29.39,34.60,2296.9,1941.1,,,,,,
2015-09-09T22:25Z,2015-09-10T11:25,-3.113,-171.093,Enderbury; Ocean,1,30.40,34.63,2298.7,1936.3,,,,,,
2015-09-09T22:25Z,2015-09-10T11:25,-3.113,-171.093,Enderbury; Ocean,10,30.40,34.60,2292.9,1932.9,,,,,,
2015-09-10T19:33Z,2015-09-11T08:33,-3.124,-171.073,Enderbury; Ocean,1,30.02,34.75,2300.7,1937.9,,,,,,
2015-09-10T19:33Z,2015-09-11T08:33,-3.124,-171.073,Enderbury; Ocean,10,30.37,35.02,2300.7,1933.1,,,,,,
2015-09-10T19:52Z,2015-09-11T08:52,-3.124,-171.079,Enderbury; Ocean,1,30.17,34.54,2277.3,1946.0,,,,,,
2015-09-10T19:52Z,2015-09-11T08:52,-3.124,-171.079,Enderbury; Ocean,10,30.34,34.53,2295.0,1939.9,,,,,,
2015-09-10T21:05Z,2015-09-11T10:05,-3.097,-171.082,Enderbury; Ocean,1,29.99,34.63,2287.9,1933.0,,,,,,
2015-09-10T21:05Z,2015-09-11T10:05,-3.097,-171.082,Enderbury; Ocean,10,30.29,35.04,2293.9,1928.1,,,,,,
2015-09-13T18:59Z,2015-09-14T07:59,-3.723,-170.716,Rawaki; Ocean,1,26.65,34.77,2299.0,1943.7,,,,,,
2015-09-13T18:59Z,2015-09-14T07:59,-3.723,-170.716,Rawaki; Ocean,10,26.55,34.67,2299.7,1943.7,,,,,,
2015-09-13T19:19Z,2015-09-14T08:19,-3.722,-170.717,Rawaki; Ocean,1,29.49,34.62,2298.8,1943.8,,,,,,
2015-09-13T19:19Z,2015-09-14T08:19,-3.722,-170.717,Rawaki; Ocean,10,28.27,34.62,2299.7,1943.8,,,,,,
2015-09-13T19:40Z,2015-09-14T08:40,-3.721,-170.717,Rawaki; Ocean,1,31.66,34.62,2303.9,1936.6,,,,,,
2015-09-13T19:40Z,2015-09-14T08:40,-3.721,-170.717,Rawaki; Ocean,10,30.22,34.66,2304.4,1938.7,,,,,,
2015-09-13T19:56Z,2015-09-14T08:56,-3.719,-170.718,Rawaki; Ocean,1,29.86,34.88,2301.7,1938.4,,,,,,
2015-09-13T19:56Z,2015-09-14T08:56,-3.719,-170.718,Rawaki; Ocean,10,29.02,34.38,2305.8,1930.8,,,,,,
2015-09-13T20:29Z,2015-09-14T09:29,-3.723,-170.716,Rawaki; Ocean,1,30.30,34.62,2298.6,1936.7,,,,,,
2015-09-13T20:29Z,2015-09-14T09:29,-3.723,-170.716,Rawaki; Ocean,10,31.92,34.75,2302.3,1935.6,,,,,,
2015-09-13T20:36Z,2015-09-14T09:36,-3.722,-170.717,Rawaki; Ocean,1,30.30,34.68,2302.5,1935.6,,,,,,
2015-09-13T20:36Z,2015-09-14T09:36,-3.722,-170.717,Rawaki; Ocean,10,31.41,34.62,2302.6,1939.3,,,,,,
2015-09-13T21:02Z,2015-09-14T10:02,-3.721,-170.717,Rawaki; Ocean,1,28.49,34.93,2302.4,1934.6,,,,,,
2015-09-13T21:02Z,2015-09-14T10:02,-3.721,-170.717,Rawaki; Ocean,10,26.87,34.62,2298.8,1935.5,,,,,,
2015-09-13T21:17Z,2015-09-14T10:17,-3.719,-170.718,Rawaki; Ocean,1,27.43,34.72,2305.4,1928.5,,,,,,
2015-09-13T21:17Z,2015-09-14T10:17,-3.719,-170.718,Rawaki; Ocean,10,26.33,34.63,2304.2,1929.6,,,,,,
2015-09-14T18:48Z,2015-09-15T07:48,-3.714,-170.715,Rawaki; Ocean,1,28.89,34.68,2302.3,1936.7,,,,,,
2015-09-14T18:48Z,2015-09-15T07:48,-3.714,-170.715,Rawaki; Ocean,10,28.77,34.55,2300.9,1944.3,,,,,,
2015-09-14T19:12Z,2015-09-15T08:12,-3.715,-170.712,Rawaki; Ocean,1,28.94,34.44,2293.3,1921.2,,,,,,
2015-09-14T19:12Z,2015-09-15T08:12,-3.715,-170.712,Rawaki; Ocean,10,28.79,34.57,2299.2,1939.8,,,,,,
2015-09-14T19:51Z,2015-09-15T08:51,-3.714,-170.715,Rawaki; Ocean,1,29.16,34.48,2295.8,1924.7,,,,,,
2015-09-14T19:51Z,2015-09-15T08:51,-3.714,-170.715,Rawaki; Ocean,10,29.09,34.48,2296.7,1928.2,,,,,,
2015-09-14T20:09Z,2015-09-15T09:09,-3.715,-170.712,Rawaki; Ocean,1,29.32,34.45,2301.9,1930.3,,,,,,
2015-09-14T20:09Z,2015-09-15T09:09,-3.715,-170.712,Rawaki; Ocean,10,29.27,34.51,2298.4,1930.1,,,,,,
2015-09-23T01:26Z,2015-09-23T14:26,-4.668,-174.539,Nikumaroro; Channel,1,28.49,34.69,2278.6,1841.7,,,,,,
2015-09-23T01:41Z,2015-09-23T14:41,-4.669,-174.534,Nikumaroro; Lagoon,1,28.59,33.68,2148.8,1749.5,,,,,,
2015-09-23T01:57Z,2015-09-23T14:57,-4.670,-174.530,Nikumaroro; Lagoon,1,28.67,33.21,2099.7,1755.6,,,,,,
2015-09-23T02:53Z,2015-09-23T15:53,-4.670,-174.530,Nikumaroro; Lagoon,1,30.10,33.37,2108.6,1744.7,,,,,,
2015-09-23T03:05Z,2015-09-23T16:05,-4.669,-174.534,Nikumaroro; Lagoon,1,31.40,33.52,2130.9,1765.5,,,,,,
2015-09-23T03:19Z,2015-09-23T16:19,-4.668,-174.539,Nikumaroro; Channel,1,32.50,34.59,2236.7,1795.0,,,,,,
2015-09-26T02:14Z,2015-09-26T15:14,-4.669,-174.547,Nikumaroro; Ocean,1,31.80,34.69,2294.0,1952.7,,,,,,
2015-09-26T02:14Z,2015-09-26T15:14,-4.669,-174.547,Nikumaroro; Ocean,10,31.50,34.69,2297.0,1956.3,,,,,,
2015-09-26T03:03Z,2015-09-26T16:03,-4.668,-174.539,Nikumaroro; Channel,1,30.90,34.69,2276.9,1916.7,,,,,,
2015-09-26T03:17Z,2015-09-26T16:17,-4.669,-174.534,Nikumaroro; Lagoon,1,31.80,34.57,2260.4,1900.6,,,,,,
2015-09-26T03:30Z,2015-09-26T16:30,-4.670,-174.530,Nikumaroro; Lagoon,1,31.80,33.97,2146.2,1790.3,,,,,,
2018-05-05T01:30Z,2018-05-05T14:30,0.004,-162.968,Ocean; Equator,144,19.4,35.58,2352.6,2116.9,,,,,,
2018-05-05T01:45Z,2018-05-05T14:45,0.007,-162.970,Ocean; Equator,88,26.6,35.33,2332.7,2047.5,,,,,,
2018-05-05T02:00Z,2018-05-05T15:00,0.009,-162.972,Ocean; Equator,43,27.4,35.35,2338.8,2036.2,,,,,,
2018-05-05T01:30Z,2018-05-05T14:30,0.004,-162.968,Ocean; Equator,1,27.9,35.43,2317.6,2024.0,,,,,,
2018-05-07T00:05Z,2018-05-07T13:05,-1.505,-168.531,Ocean; 1.5 South,162,25.7,35.69,2356.1,2075.3,,,,,,
2018-05-07T00:26Z,2018-05-07T13:26,-1.506,-168.538,Ocean; 1.5 South,95,26.4,35.36,2336.4,2029.7,,,,,,
2018-05-07T00:41Z,2018-05-07T13:41,-1.506,-168.544,Ocean; 1.5 South,43,27.9,35.23,2329.3,2023.4,,,,,,
2018-05-07T00:05Z,2018-05-07T13:05,-1.505,-168.531,Ocean; 1.5 South,0,28.3,35.22,2326.5,2021.9,,,,,,
2018-05-10T02:30Z,2018-05-10T15:30,-2.814,-171.710,Kanton; Lagoon,3,28.6,35.33,2318.5,1983.1,,,,,,
2018-05-10T03:00Z,2018-05-10T16:00,-2.813,-171.696,Kanton; Lagoon,11,30.0,36.28,2252.4,1947.6,,,,,,
2018-05-10T03:15Z,2018-05-10T16:15,-2.813,-171.696,Kanton; Lagoon,2,29.3,35.56,,,,,,,,
2018-05-10T03:30Z,2018-05-10T16:30,-2.801,-171.701,Kanton; Lagoon,7,28.9,35.40,,,,,,,,
2018-05-10T03:45Z,2018-05-10T16:45,-2.801,-171.701,Kanton; Lagoon,1,29.0,35.40,,,,,,,,
2018-05-10T04:30Z,2018-05-10T17:30,-2.795,-171.710,Kanton; Lagoon,4,28.8,35.43,,,,,,,,
2018-05-10T04:45Z,2018-05-10T17:45,-2.795,-171.710,Kanton; Lagoon,1,29.0,35.43,,,,,,,,
2018-05-10T05:30Z,2018-05-10T18:30,-2.806,-171.712,Kanton; Lagoon,8,28.9,35.37,,,,,,,,
2018-05-10T05:40Z,2018-05-10T18:40,-2.806,-171.712,Kanton; Lagoon,2,28.7,35.37,,,,,,,,
2018-05-10T20:40Z,2018-05-11T09:40,-2.846,-171.639,Kanton; Lagoon,2,29.3,38.24,,,,,,,,
2018-05-10T21:15Z,2018-05-11T10:15,-2.852,-171.629,Kanton; Lagoon,3,29.4,38.33,,,,,,,,
2018-05-10T21:30Z,2018-05-11T10:30,-2.852,-171.629,Kanton; Lagoon,1,29.5,38.35,,,,,,,,
2018-05-10T21:50Z,2018-05-11T10:50,-2.832,-171.653,Kanton; Lagoon,6,29.1,38.64,,,,,,,,
2018-05-10T22:05Z,2018-05-11T11:05,-2.832,-171.653,Kanton; Lagoon,1,29.8,38.21,,,,,,,,
2018-05-10T22:25Z,2018-05-11T11:25,-2.824,-171.664,Kanton; Lagoon,6,29.7,38.07,,,,,,,,
2018-05-10T22:35Z,2018-05-11T11:35,-2.824,-171.664,Kanton; Lagoon,1,29.7,37.62,2225.8,1870.8,,,,,,
2018-05-10T22:50Z,2018-05-11T11:50,-2.815,-171.683,Kanton; Lagoon,9,30.1,36.91,2243.6,1928.9,,,,,,
2018-05-10T23:00Z,2018-05-11T12:00,-2.815,-171.683,Kanton; Lagoon,1,29.7,36.61,2249.5,1924.2,,,,,,
2018-05-10T23:15Z,2018-05-11T12:15,-2.823,-171.700,Kanton; Lagoon,1,29.6,35.68,2285.3,1967.3,,,,,,
2018-05-11T01:50Z,2018-05-11T14:50,-2.825,-171.643,Kanton; Lagoon,6,29.7,38.39,2218.3,1841.2,,,,,,
2018-05-11T02:00Z,2018-05-11T15:00,-2.825,-171.643,Kanton; Lagoon,1,29.8,38.31,2207.6,1856.8,,,,,,
2018-05-11T02:15Z,2018-05-11T15:15,-2.814,-171.655,Kanton; Lagoon,4,30.1,37.86,2215.5,1855.3,,,,,,
2018-05-11T02:20Z,2018-05-11T15:20,-2.814,-171.655,Kanton; Lagoon,1,29.7,37.75,2220.0,1868.8,,,,,,
2018-05-11T02:30Z,2018-05-11T15:30,-2.797,-171.672,Kanton; Lagoon,4,29.6,37.00,2222.2,1903.7,,,,,,
2018-05-11T02:40Z,2018-05-11T15:40,-2.797,-171.672,Kanton; Lagoon,1,29.8,36.99,2217.7,1902.0,,,,,,
2018-05-11T03:00Z,2018-05-11T16:00,-2.790,-171.692,Kanton; Lagoon,9,29.5,36.66,2186.9,1866.1,,,,,,
2018-05-11T03:10Z,2018-05-11T16:10,-2.790,-171.692,Kanton; Lagoon,2,29.9,36.18,2202.3,1898.2,,,,,,
2018-05-11T03:15Z,2018-05-11T16:15,-2.785,-171.705,Kanton; Lagoon,1,29.5,35.74,2187.3,1899.8,,,,,,
2018-05-11T19:40Z,2018-05-12T08:40,-2.811,-171.714,Kanton; Channel,4,28.8,35.43,2314.6,2020.1,,,,,,
2018-05-11T19:50Z,2018-05-12T08:50,-2.811,-171.714,Kanton; Channel,1,28.4,35.49,2308.0,2009.7,,,,,,
2018-05-11T20:10Z,2018-05-12T09:10,-2.824,-171.715,Kanton; Ocean,22,27.7,35.43,2328.2,2017.7,,,,,,
2018-05-11T20:20Z,2018-05-12T09:20,-2.824,-171.715,Kanton; Ocean,1,28.4,35.40,2325.5,2014.3,,,,,,
2018-05-11T20:35Z,2018-05-12T09:35,-2.819,-171.725,Kanton; Ocean,22,28.3,35.37,2335.7,2013.2,,,,,,
2018-05-11T20:45Z,2018-05-12T09:45,-2.819,-171.725,Kanton; Ocean,1,28.5,35.34,2334.9,2015.7,,,,,,
2018-05-11T20:50Z,2018-05-12T09:50,-2.806,-171.722,Kanton; Ocean,22,28.4,35.42,2338.0,2015.8,,,,,,
2018-05-11T21:00Z,2018-05-12T10:00,-2.806,-171.722,Kanton; Ocean,2,28.5,35.98,2336.1,2010.6,,,,,,
2018-05-11T21:20Z,2018-05-12T10:20,-2.811,-171.714,Kanton; Channel,10,28.7,35.64,2284.4,1987.4,,,,,,
2018-05-11T21:30Z,2018-05-12T10:30,-2.811,-171.714,Kanton; Channel,1,28.5,35.45,2286.6,2008.2,,,,,,
2018-05-11T21:40Z,2018-05-12T10:40,-2.806,-171.712,Kanton; Lagoon,1,28.9,35.69,2279.5,1976.8,,,,,,
2018-05-13T20:23Z,2018-05-14T09:23,-3.797,-173.154,Ocean; Underway to Niku 1,166,24.2,36.08,,,,,,,,
2018-05-13T21:02Z,2018-05-14T10:02,-3.799,-173.155,Ocean; Underway to Niku 1,96,27.7,35.74,,,,,,,,
2018-05-13T21:21Z,2018-05-14T10:21,-3.801,-173.157,Ocean; Underway to Niku 1,42,28.6,35.44,,,,,,,,
2018-05-13T20:23Z,2018-05-14T09:23,-3.797,-173.154,Ocean; Underway to Niku 1,1,28.9,35.42,,,,,,,,
2018-05-14T03:16Z,2018-05-14T16:16,-4.181,-173.585,Ocean; Underway to Niku 2,163,24.2,36.07,,,,,,,,
2018-05-14T03:38Z,2018-05-14T16:38,-4.182,-173.588,Ocean; Underway to Niku 2,96,28.0,35.71,,,,,,,,
2018-05-14T03:46Z,2018-05-14T16:46,-4.182,-173.590,Ocean; Underway to Niku 2,43,28.7,35.57,,,,,,,,
2018-05-14T03:16Z,2018-05-14T16:16,-4.181,-173.585,Ocean; Underway to Niku 2,1,29.1,35.57,,,,,,,,
2018-05-14T19:30Z,2018-05-15T08:30,-4.665,-174.516,Nikumororo; Nikumororo,20,29.1,35.73,,,,,,,,
2018-05-14T19:45Z,2018-05-15T08:45,-4.665,-174.516,Nikumororo; Nikumororo,1,29.2,35.73,,,,,,,,
2018-05-14T20:00Z,2018-05-15T09:00,-4.667,-174.517,Nikumororo; Nikumororo,1,29.3,35.72,,,,,,,,
2018-05-14T20:30Z,2018-05-15T09:30,-4.651,-174.542,Nikumororo; Nikumororo,10,29.0,35.76,,,,,,,,
2018-05-14T20:45Z,2018-05-15T09:45,-4.651,-174.542,Nikumororo; Nikumororo,1,29.1,35.72,,,,,,,,
2018-05-14T21:17Z,2018-05-15T10:17,-4.668,-174.547,Nikumororo; Nikumororo,22,28.7,35.80,,,,,,,,
2018-05-14T21:30Z,2018-05-15T10:30,-4.668,-174.547,Nikumororo; Nikumororo,1,28.9,35.73,,,,,,,,
2018-05-15T01:50Z,2018-05-15T14:50,-4.686,-174.530,Nikumororo; Nikumororo,22,28.9,35.73,,,,,,,,
2018-05-15T02:00Z,2018-05-15T15:00,-4.685,-174.532,Nikumororo; Nikumororo,2,29.0,35.73,,,,,,,,
2018-05-15T02:15Z,2018-05-15T15:15,-4.687,-174.521,Nikumororo; Nikumororo,2,29.2,35.74,,,,,,,,
2018-05-16T21:50Z,2018-05-17T10:50,-4.669,-174.538,Nikumororo; Lagoon,1,29.0,36.06,,,,,,,,
2018-05-16T22:15Z,2018-05-17T11:15,-4.669,-174.538,Nikumororo; Lagoon,1,29.0,36.13,,,,,,,,
2018-05-18T02:28Z,2018-05-18T15:28,-4.504,-172.223,Orona; Orona Offshore hydro,164,25.2,35.81,,,,,,,,
2018-05-18T02:48Z,2018-05-18T15:48,-4.504,-172.226,Orona; Orona Offshore hydro,97,27.9,35.67,,,,,,,,
2018-05-18T03:04Z,2018-05-18T16:04,-4.504,-172.228,Orona; Orona Offshore hydro,55,28.4,35.58,,,,,,,,
2018-05-18T02:28Z,2018-05-18T15:28,-4.504,-172.223,Orona; Orona Offshore hydro,1,29,35.61,,,,,,,,
2018-05-18T20:00Z,2018-05-19T09:00,-4.492,-172.184,Orona; Orona,20,28.6,35.60,,,,,,,,
2018-05-18T20:12Z,2018-05-19T09:12,-4.491,-172.184,Orona; Orona,2,28.4,35.59,,,,,,,,
2018-05-18T20:41Z,2018-05-19T09:41,-4.502,-172.208,Orona; Orona,8,28.6,35.59,,,,,,,,
2018-05-18T20:52Z,2018-05-19T09:52,-4.502,-172.208,Orona; Orona,1,28.5,35.65,,,,,,,,
2018-05-18T21:15Z,2018-05-19T10:15,-4.518,-172.227,Orona; Orona,20,28.8,35.60,,,,,,,,
2018-05-18T21:26Z,2018-05-19T10:26,-4.520,-172.228,Orona; Orona,2,28.6,35.60,,,,,,,,
2018-05-19T01:21Z,2018-05-19T14:21,-4.519,-172.220,Orona; Lagoon Shore,,,36.33,,,,,,,,
2018-05-19T01:28Z,2018-05-19T14:28,-4.520,-172.220,Orona; Lagoon Shore,,,36.35,,,,,,,,
2018-05-20T20:05Z,2018-05-21T09:05,-3.721,-170.717,Rawaki; Ocean,15,28.8,35.50,,,,,,,,
2018-05-20T20:22Z,2018-05-21T09:22,-3.725,-170.715,Rawaki; Ocean,11,28.9,35.49,,,,,,,,
2018-05-20T20:35Z,2018-05-21T09:35,-3.723,-170.717,Rawaki; Ocean,20,28.7,35.50,,,,,,,,
2018-05-20T20:47Z,2018-05-21T09:47,-3.723,-170.717,Rawaki; Ocean,2,29,35.49,,,,,,,,
2018-05-22T05:28Z,2018-05-22T18:28,-3.511,-171.073,Ocean; Underway to Kanton,165,22,36.27,,,,,,,,
2018-05-22T05:51Z,2018-05-22T18:51,-3.513,-171.078,Ocean; Underway to Kanton,94,27.6,35.76,,,,,,,,
2018-05-22T05:28Z,2018-05-22T18:28,-3.511,-171.073,Ocean; Underway to Kanton,1,29.1,35.52,,,,,,,,
2018-05-22T18:55Z,2018-05-23T07:55,-2.810,-171.714,Kanton; Channel,8,28.8,35.35,,,,,,,,
2018-05-22T19:02Z,2018-05-23T08:02,-2.810,-171.714,Kanton; Channel,1,28.8,35.41,,,,,,,,
2018-05-22T19:30Z,2018-05-23T08:30,-2.810,-171.714,Kanton; Channel,10,28.8,35.36,,,,,,,,
2018-05-23T03:00Z,2018-05-23T16:00,-2.814,-171.710,Kanton; Lagoon,6,29.5,35.40,,,,,,,,
2018-05-23T03:10Z,2018-05-23T16:10,-2.814,-171.710,Kanton; Lagoon,1,29.7,35.41,,,,,,,,
2018-05-23T03:20Z,2018-05-23T16:20,-2.795,-171.710,Kanton; Lagoon,9,29.4,35.98,,,,,,,,
2018-05-23T03:30Z,2018-05-23T16:30,-2.795,-171.710,Kanton; Lagoon,2,29.5,35.65,,,,,,,,
2018-05-23T03:55Z,2018-05-23T16:55,-2.801,-171.701,Kanton; Lagoon,5,29.1,35.44,,,,,,,,
2018-05-23T04:05Z,2018-05-23T17:05,-2.801,-171.701,Kanton; Lagoon,1,29.1,35.48,,,,,,,,
1973-11-28T07:00Z,1973-11-27T19:00,-2.865,-171.625,Kanton; Lagoon,0,,39.29,2365.9,1749.2,,,,,,8.377
1973-11-28T07:00Z,1973-11-27T19:00,-2.867,-171.625,Kanton; Lagoon,0,,39.52,2322.0,1733.6,,,,,,8.35
1973-11-28T22:05Z,1973-11-28T10:05,-2.777,-171.709,Kanton; Lagoon,0,27,37.76,2372.7,1919.8,,,,,,8.191
1973-11-28T23:30Z,1973-11-28T11:30,-2.777,-171.718,Kanton; Lagoon,0,27,37.76,2362.0,1909.0,,,,,,8.193
1973-11-28T23:30Z,1973-11-28T11:30,-2.776,-171.718,Kanton; Lagoon,2,27,37.79,2333.7,1884.2,,,,,,8.193
1973-11-27T23:45Z,1973-11-27T11:45,-2.776,-171.715,Kanton; Lagoon,0,27,37.92,2346.3,1887.3,,,,,,8.202
1973-11-28T23:45Z,1973-11-28T11:45,-2.776,-171.715,Kanton; Lagoon,4,27,37.97,2313.2,1856.6,,,,,,8.204
1973-11-29T00:05Z,1973-11-28T12:05,-2.782,-171.712,Kanton; Lagoon,0,27,37.34,2297.6,1855.7,,,,,,8.195
1973-11-29T00:05Z,1973-11-28T12:05,-2.782,-171.712,Kanton; Lagoon,4,27,37.38,2300.5,1859.3,,,,,,8.193
1973-11-29T00:15Z,1973-11-28T12:15,-2.790,-171.711,Kanton; Lagoon,0,27,36.74,2314.1,1874.1,,,,,,8.197
1973-11-29T00:15Z,1973-11-28T12:15,-2.790,-171.711,Kanton; Lagoon,3,27,36.77,2289.8,1854.8,,,,,,8.194
1973-11-29T01:00Z,1973-11-28T13:00,-2.806,-171.714,Kanton; Lagoon,0,27,35.96,2370.7,1920.8,,,,,,8.21
1973-11-29T01:00Z,1973-11-28T13:00,-2.806,-171.714,Kanton; Lagoon,2,27,36.95,2388.3,1928.0,,,,,,8.208
1973-11-29T01:00Z,1973-11-28T13:00,-2.806,-171.714,Kanton; Lagoon,4,27,35.95,2381.5,1930.1,,,,,,8.21
1973-11-29T01:00Z,1973-11-28T13:00,-2.806,-171.714,Kanton; Lagoon,6,27,35.95,2379.5,1929.1,,,,,,8.209
1973-11-29T01:15Z,1973-11-28T13:15,-2.814,-171.706,Kanton; Lagoon,0,27,36.13,2365.9,1909.0,,,,,,8.218
1973-11-29T01:15Z,1973-11-28T13:15,-2.814,-171.706,Kanton; Lagoon,2,27,36.09,2366.8,1911.6,,,,,,8.216
1973-11-29T01:15Z,1973-11-28T13:15,-2.814,-171.706,Kanton; Lagoon,4,27,36.1,2379.5,1916.4,,,,,,8.224
1973-11-29T01:15Z,1973-11-28T13:15,-2.814,-171.706,Kanton; Lagoon,6,27,36.11,2377.6,1916.1,,,,,,8.222
1973-11-29T01:33Z,1973-11-28T13:33,-2.819,-171.700,Kanton; Lagoon,0,27,36.45,2347.3,1878.7,,,,,,8.233
1973-11-29T01:33Z,1973-11-28T13:33,-2.819,-171.700,Kanton; Lagoon,6,27,36.61,2339.5,1878.6,,,,,,8.222
1973-11-29T01:50Z,1973-11-28T13:50,-2.825,-171.689,Kanton; Lagoon,0,27,36.72,2326.8,1867.5,,,,,,8.221
1973-11-29T01:50Z,1973-11-28T13:50,-2.825,-171.689,Kanton; Lagoon,5,27,36.74,2316.1,1859.5,,,,,,8.219
1973-11-29T20:25Z,1973-11-29T08:25,-2.850,-171.635,Kanton; Lagoon,0,,39.1,2350.2,1828.1,,,,,,8.268
1973-11-29T20:25Z,1973-11-29T08:25,-2.850,-171.635,Kanton; Lagoon,4,,39.01,2344.4,1821.5,,,,,,8.271
1973-11-30T00:00Z,1973-11-29T12:00,-2.850,-171.635,Kanton; Lagoon,0,,39.03,2311.2,1782.4,,,,,,8.285
1973-11-30T00:00Z,1973-11-29T12:00,-2.850,-171.635,Kanton; Lagoon,2,,39.03,2317.1,1784.9,,,,,,8.288
1973-11-29T21:10Z,1973-11-29T09:10,-2.836,-171.633,Kanton; Lagoon,0,,38.99,2325.9,1799.1,,,,,,8.28
1973-11-29T21:10Z,1973-11-29T09:10,-2.836,-171.633,Kanton; Lagoon,4,,38.97,2314.1,1787.8,,,,,,8.282
1973-11-29T21:35Z,1973-11-29T09:35,-2.826,-171.647,Kanton; Lagoon,0,,38.97,2313.2,1783.1,,,,,,8.287
1973-11-29T21:35Z,1973-11-29T09:35,-2.826,-171.647,Kanton; Lagoon,3,,38.95,2306.3,1773.5,,,,,,8.292
1973-11-29T22:00Z,1973-11-29T10:00,-2.808,-171.655,Kanton; Lagoon,0,,38.11,2306.3,1790.6,,,,,,8.281
1973-11-29T22:00Z,1973-11-29T10:00,-2.808,-171.655,Kanton; Lagoon,4,,38.23,2319.0,1799.2,,,,,,8.282
1973-11-29T22:30Z,1973-11-29T10:30,-2.825,-171.655,Kanton; Lagoon,0,,38.46,2322.9,1803.4,,,,,,8.278
1973-11-29T22:30Z,1973-11-29T10:30,-2.825,-171.655,Kanton; Lagoon,3,,38.38,2304.4,1783.1,,,,,,8.285
1973-11-29T22:55Z,1973-11-29T10:55,-2.831,-171.655,Kanton; Lagoon,0,,38.53,2332.7,1811.8,,,,,,8.277
1973-11-29T22:55Z,1973-11-29T10:55,-2.831,-171.655,Kanton; Lagoon,3,,38.51,2319.0,1799.6,,,,,,8.278
1973-11-29T23:27Z,1973-11-29T11:27,-2.842,-171.646,Kanton; Lagoon,0,,39,2310.2,1780.3,,,,,,8.287
1973-11-29T23:27Z,1973-11-29T11:27,-2.842,-171.646,Kanton; Lagoon,2,,39,2311.2,1781.1,,,,,,8.287
1973-11-30T00:30Z,1973-11-29T12:30,-2.855,-171.631,Kanton; Lagoon,0,,39.11,2317.1,1789.8,,,,,,8.281
1973-11-30T00:30Z,1973-11-29T12:30,-2.855,-171.631,Kanton; Lagoon,4,,39.12,2325.9,1795.3,,,,,,8.283
1973-11-30T00:50Z,1973-11-29T12:50,-2.866,-171.626,Kanton; Lagoon,0,,39.17,2309.3,1769.8,,,,,,8.297
1973-11-30T00:50Z,1973-11-29T12:50,-2.866,-171.626,Kanton; Lagoon,1,,39.16,2322.9,1779.7,,,,,,8.299
1973-11-30T19:55Z,1973-11-30T07:55,-2.811,-171.718,Kanton; Lagoon,0,27,35.71,2520.0,2031.8,,,,,,8.236
1973-11-30T20:56Z,1973-11-30T08:56,-2.811,-171.718,Kanton; Lagoon,0,28,35.69,2530.7,2033.7,,,,,,8.23
1973-11-30T21:54Z,1973-11-30T09:54,-2.811,-171.718,Kanton; Lagoon,0,27,35.7,2503.4,2004.9,,,,,,8.252
1973-11-30T22:55Z,1973-11-30T10:55,-2.811,-171.718,Kanton; Lagoon,0,28,35.73,2494.6,1997.7,,,,,,8.236
1973-11-30T23:55Z,1973-11-30T11:55,-2.811,-171.718,Kanton; Lagoon,0,28,35.73,2500.5,1994.6,,,,,,8.246
1973-12-01T01:00Z,1973-11-30T13:00,-2.811,-171.718,Kanton; Lagoon,0,28,35.17,2492.7,1963.1,,,,,,8.284
1973-12-01T01:56Z,1973-11-30T13:56,-2.811,-171.718,Kanton; Lagoon,0,28,35.73,2495.6,1979.2,,,,,,8.26
1973-12-01T02:57Z,1973-11-30T14:57,-2.811,-171.718,Kanton; Lagoon,0,28,35.78,2482.0,1967.1,,,,,,8.26
1973-12-01T04:26Z,1973-11-30T16:26,-2.811,-171.718,Kanton; Lagoon,0,27,35.69,2490.7,1973.4,,,,,,8.278
1973-12-01T05:27Z,1973-11-30T17:27,-2.811,-171.718,Kanton; Lagoon,0,27,35.69,2508.3,1989.1,,,,,,8.277
1973-12-01T20:11Z,1973-12-01T08:11,-2.811,-171.718,Kanton; Lagoon,0,,35.68,2490.7,1941.5,,,,,,8.317
1973-11-30T20:28Z,1973-11-30T08:28,-2.815,-171.716,Kanton; Lagoon,0,27,35.71,2520.0,2031.8,,,,,,8.236
1973-11-30T21:05Z,1973-11-30T09:05,-2.815,-171.716,Kanton; Lagoon,0,27,35.69,2509.3,2009.2,,,,,,8.253
1973-11-30T22:02Z,1973-11-30T10:02,-2.815,-171.716,Kanton; Lagoon,0,27,35.69,2506.3,1998.7,,,,,,8.263
1973-11-30T23:03Z,1973-11-30T11:03,-2.815,-171.716,Kanton; Lagoon,0,28,35.7,2493.7,1973.0,,,,,,8.266
1973-12-01T00:02Z,1973-11-30T12:02,-2.815,-171.716,Kanton; Lagoon,0,28,35.76,2480.0,1961.6,,,,,,8.265
1973-12-01T01:08Z,1973-11-30T13:08,-2.815,-171.716,Kanton; Lagoon,0,28,35.78,2489.8,1964.8,,,,,,8.271
1973-12-01T02:05Z,1973-11-30T14:05,-2.815,-171.716,Kanton; Lagoon,0,28,35.71,2477.1,1954.8,,,,,,8.271
1973-12-01T03:05Z,1973-11-30T15:05,-2.815,-171.716,Kanton; Lagoon,0,28,35.82,2474.1,1951.1,,,,,,8.271
1973-12-01T04:35Z,1973-11-30T16:35,-2.815,-171.716,Kanton; Lagoon,0,28,35.82,2474.1,1934.0,,,,,,8.292
1973-12-01T05:30Z,1973-11-30T17:30,-2.815,-171.716,Kanton; Lagoon,0,28,35.69,2500.5,1978.0,,,,,,8.267
1973-12-01T20:02Z,1973-12-01T08:02,-2.815,-171.716,Kanton; Lagoon,0,,35.69,2497.6,1964.5,,,,,,8.296
1973-12-01T21:15Z,1973-12-01T09:15,-2.857,-171.629,Kanton; Lagoon,0,,,2365.9,2155.4,,,,,,8.276
1973-12-02T02:45Z,1973-12-01T14:45,-2.785,-171.712,Kanton; Lagoon,0,,36.93,2391.2,1873.1,,,,,,8.282
1973-12-02T03:20Z,1973-12-01T15:20,-2.793,-171.714,Kanton; Lagoon,0,,36.52,2405.9,1885.7,,,,,,8.287
1973-12-02T03:35Z,1973-12-01T15:35,-2.802,-171.705,Kanton; Lagoon,0,,36.09,2435.1,1954.4,,,,,,8.237
1973-12-02T21:05Z,1973-12-02T09:05,-2.774,-171.717,Kanton; Lagoon,0,27,37.87,2378.5,1843.3,,,,,,8.294
1973-12-02T21:25Z,1973-12-02T09:25,-2.777,-171.706,Kanton; Lagoon,0,27,37.81,2372.7,1842.2,,,,,,8.29
1973-12-02T21:45Z,1973-12-02T09:45,-2.779,-171.695,Kanton; Lagoon,0,27,37.74,2372.7,1838.9,,,,,,8.295
1973-12-02T22:00Z,1973-12-02T10:00,-2.784,-171.689,Kanton; Lagoon,0,27,37.75,2381.5,1843.7,,,,,,8.298
1973-12-02T22:15Z,1973-12-02T10:15,-2.794,-171.675,Kanton; Lagoon,0,27,37.71,2383.4,1856.2,,,,,,8.285
1973-12-02T22:45Z,1973-12-02T10:45,-2.802,-171.666,Kanton; Lagoon,0,27,38.15,2378.5,1847.7,,,,,,8.285
1973-12-02T23:00Z,1973-12-02T11:00,-2.817,-171.669,Kanton; Lagoon,0,28,38.21,2374.6,1837.8,,,,,,8.277
1973-12-02T23:15Z,1973-12-02T11:15,-2.823,-171.669,Kanton; Lagoon,0,27,38.24,2369.8,1838.6,,,,,,8.286
1973-12-02T23:35Z,1973-12-02T11:35,-2.832,-171.675,Kanton; Lagoon,0,27,37.66,2377.6,1852.6,,,,,,8.284
1973-12-03T00:00Z,1973-12-02T12:00,-2.831,-171.678,Kanton; Lagoon,0,27,37.42,2387.3,1862.5,,,,,,8.285
1973-12-03T00:25Z,1973-12-02T12:25,-2.822,-171.677,Kanton; Lagoon,0,27,37.18,2400.0,1874.0,,,,,,8.287
1973-12-03T00:45Z,1973-12-02T12:45,-2.810,-171.682,Kanton; Lagoon,0,27,36.89,2415.6,1891.7,,,,,,8.285
1973-12-03T01:05Z,1973-12-02T13:05,-2.810,-171.690,Kanton; Lagoon,0,27,36.62,2426.3,1893.9,,,,,,8.297
1973-12-03T01:30Z,1973-12-02T13:30,-2.802,-171.700,Kanton; Lagoon,0,27,35.87,2476.1,1943.6,,,,,,8.297
1973-12-04T19:55Z,1973-12-04T07:55,-2.807,-171.718,Kanton; Lagoon,0,27,35.98,2494.6,2019.8,,,,,,8.22
1973-12-04T20:30Z,1973-12-04T08:30,-2.801,-171.716,Kanton; Lagoon,0,27,36.27,2452.7,1978.5,,,,,,8.223
1973-12-04T20:50Z,1973-12-04T08:50,-2.790,-171.719,Kanton; Lagoon,0,27,36.01,2387.3,1931.6,,,,,,8.214
1973-12-04T21:30Z,1973-12-04T09:30,-2.792,-171.702,Kanton; Lagoon,0,27,36.94,2407.8,1923.4,,,,,,8.236
1973-12-04T21:45Z,1973-12-04T09:45,-2.789,-171.701,Kanton; Lagoon,0,27,37.62,2398.0,1871.9,,,,,,8.282
1973-12-04T22:00Z,1973-12-04T10:00,-2.790,-171.694,Kanton; Lagoon,0,27,37.65,2413.7,1895.2,,,,,,8.269
1973-12-04T22:15Z,1973-12-04T10:15,-2.796,-171.692,Kanton; Lagoon,0,27,37.48,2408.8,1897.6,,,,,,8.263
1973-12-04T22:30Z,1973-12-04T10:30,-2.817,-171.683,Kanton; Lagoon,0,27,37.2,2426.3,1917.7,,,,,,8.26
1973-12-04T23:10Z,1973-12-04T11:10,-2.807,-171.681,Kanton; Lagoon,0,27,37.28,2413.7,1903.7,,,,,,8.263
1973-12-04T23:35Z,1973-12-04T11:35,-2.818,-171.688,Kanton; Lagoon,0,27,36.98,2419.5,1905.3,,,,,,8.271
1973-12-04T23:54Z,1973-12-04T11:54,-2.821,-171.711,Kanton; Lagoon,0,27,35.98,2504.4,1963.8,,,,,,8.3
1973-12-05T00:20Z,1973-12-04T12:20,-2.828,-171.705,Kanton; Lagoon,0,27,35.98,2493.7,1973.6,,,,,,8.277
1973-12-01T22:20Z,1973-12-01T10:20,-2.821,-171.714,Kanton; Lagoon,0,,35.71,2488.8,1942.0,,,,,,8.314
1973-12-02T01:50Z,1973-12-01T13:50,-2.832,-171.686,Kanton; Lagoon,0,,35.75,2392.2,1838.0,,,,,,8.342
1973-12-02T03:15Z,1973-12-01T15:15,-2.841,-171.659,Kanton; Lagoon,0,,39.79,2307.3,1675.5,,,,,,8.402
1973-12-03T00:35Z,1973-12-02T12:35,-2.846,-171.652,Kanton; Lagoon,0,,39.5,2382.4,1862.6,,,,,,8.254
1973-12-03T04:00Z,1973-12-02T16:00,-2.823,-171.650,Kanton; Lagoon,0,,38.86,2421.5,1897.8,,,,,,8.259
1973-12-03T22:21Z,1973-12-03T10:21,-2.822,-171.714,Kanton; Lagoon,0,,35.72,2540.5,2032.4,,,,,,8.257
1973-12-03T22:45Z,1973-12-03T10:45,-2.826,-171.710,Kanton; Lagoon,0,,35.94,2518.0,2014.2,,,,,,8.253
1973-12-03T23:17Z,1973-12-03T11:17,-2.830,-171.708,Kanton; Lagoon,0,,35.94,2489.8,1944.5,,,,,,8.309
1973-12-03T23:44Z,1973-12-03T11:44,-2.832,-171.700,Kanton; Lagoon,0,,37.34,2449.8,1858.3,,,,,,8.354
1973-12-04T00:00Z,1973-12-03T12:00,-2.831,-171.689,Kanton; Lagoon,0,,39.6,2432.2,1834.2,,,,,,8.337
1973-12-04T00:17Z,1973-12-03T12:17,-2.836,-171.671,Kanton; Lagoon,0,,39.55,2408.8,1818.8,,,,,,8.333
1973-12-04T00:38Z,1973-12-03T12:38,-2.845,-171.652,Kanton; Lagoon,0,,39.64,2402.9,1872.8,,,,,,8.261
1973-12-04T01:00Z,1973-12-03T13:00,-2.860,-171.634,Kanton; Lagoon,0,,39.93,2407.8,1795.3,,,,,,8.355
1973-12-04T01:25Z,1973-12-03T13:25,-2.870,-171.623,Kanton; Lagoon,0,,41.34,2311.2,1621.2,,,,,,8.45
1973-12-04T02:55Z,1973-12-03T14:55,-2.865,-171.624,Kanton; Lagoon,0,,39.25,2390.2,1833.3,,,,,,8.301
1973-12-04T03:32Z,1973-12-03T15:32,-2.850,-171.630,Kanton; Lagoon,0,,38.57,2410.7,1863.1,,,,,,8.294
1973-12-04T03:48Z,1973-12-03T15:48,-2.831,-171.634,Kanton; Lagoon,0,,38.96,2370.7,1771.0,,,,,,8.36
1973-12-04T21:35Z,1973-12-04T09:35,-2.831,-171.634,Kanton; Lagoon,0,,39.07,2348.3,1824.4,,,,,,8.271
1973-12-04T04:09Z,1973-12-03T16:09,-2.811,-171.643,Kanton; Lagoon,0,,39.1,2351.2,1628.0,,,,,,8.507
1973-12-04T22:05Z,1973-12-04T10:05,-2.811,-171.643,Kanton; Lagoon,0,,38.67,2402.9,1868.6,,,,,,8.278
1973-12-04T04:23Z,1973-12-03T16:23,-2.804,-171.658,Kanton; Lagoon,0,,38.12,2372.7,1645.5,,,,,,8.519
1973-12-04T22:30Z,1973-12-04T10:30,-2.804,-171.658,Kanton; Lagoon,0,,38.43,2311.2,1764.4,,,,,,8.315
1973-12-01T22:36Z,1973-12-01T10:36,-2.793,-171.673,Kanton; Lagoon,0,,37.64,2275.1,1732.1,,,,,,8.328
1973-12-04T22:52Z,1973-12-04T10:52,-2.782,-171.689,Kanton; Lagoon,0,,36.9,2300.5,1767.2,,,,,,8.32
1973-12-01T23:05Z,1973-12-01T11:05,-2.775,-171.706,Kanton; Lagoon,0,,36.96,2373.7,1836.4,,,,,,8.309
1973-12-04T23:15Z,1973-12-04T11:15,-2.774,-171.720,Kanton; Lagoon,0,,37.75,2372.7,1762.0,,,,,,8.388
1973-12-04T23:27Z,1973-12-04T11:27,-2.807,-171.720,Kanton; Lagoon,0,,36.08,2445.9,1868.9,,,,,,8.354
1973-12-04T23:31Z,1973-12-04T11:31,-2.800,-171.721,Kanton; Lagoon,0,,36.65,2396.1,1758.5,,,,,,8.429
1973-12-04T23:50Z,1973-12-04T11:50,-2.785,-171.716,Kanton; Lagoon,0,,37.53,2351.2,1758.6,,,,,,8.374
1973-12-02T00:20Z,1973-12-01T12:20,-2.816,-171.720,Kanton; Ocean,0,,35.71,2480.0,1935.5,,,,,,8.313
1973-12-01T23:30Z,1973-12-01T11:30,-2.826,-171.717,Kanton; Ocean,0,,35.7,2483.9,1798.2,,,,,,8.477
1973-12-02T01:40Z,1973-12-01T13:40,-2.832,-171.686,Kanton; Ocean,0,,35.75,2471.2,1600.2,,,,,,8.689
1973-12-02T03:25Z,1973-12-01T15:25,-2.843,-171.660,Kanton; Ocean,0,,35.82,2437.1,1687.0,,,,,,8.56
1973-12-03T02:40Z,1973-12-02T14:40,-2.868,-171.619,Kanton; Ocean,0,,35.78,2496.6,1858.3,,,,,,8.419
1973-12-03T03:45Z,1973-12-02T15:45,-2.851,-171.624,Kanton; Ocean,0,,35.72,2468.3,1915.7,,,,,,8.325
1973-12-03T22:40Z,1973-12-03T10:40,-2.823,-171.718,Kanton; Ocean,0,,35.7,2520.0,1990.7,,,,,,8.287
1973-12-03T22:50Z,1973-12-03T10:50,-2.828,-171.715,Kanton; Ocean,0,,35.74,2515.1,1873.8,,,,,,8.419
1973-12-03T23:20Z,1973-12-03T11:20,-2.832,-171.712,Kanton; Ocean,0,,35.8,2541.5,1907.6,,,,,,8.404
1973-12-03T23:45Z,1973-12-03T11:45,-2.835,-171.700,Kanton; Ocean,0,,35.76,2523.9,1929.4,,,,,,8.363
1973-12-04T00:00Z,1973-12-03T12:00,-2.834,-171.689,Kanton; Ocean,0,,35.8,2516.1,1877.4,,,,,,8.415
1973-12-04T00:20Z,1973-12-03T12:20,-2.839,-171.672,Kanton; Ocean,0,,35.75,2509.3,1908.0,,,,,,8.374
1973-12-04T00:39Z,1973-12-03T12:39,-2.847,-171.654,Kanton; Ocean,0,,35.8,2512.2,1912.4,,,,,,8.371
1973-12-04T01:02Z,1973-12-03T13:02,-2.865,-171.637,Kanton; Ocean,0,,35.78,2518.0,1898.4,,,,,,8.393
1973-12-04T03:01Z,1973-12-03T15:01,-2.861,-171.620,Kanton; Ocean,0,,35.74,2503.4,1917.8,,,,,,8.357
1973-12-04T03:35Z,1973-12-03T15:35,-2.848,-171.627,Kanton; Ocean,0,,35.71,2514.1,1969.1,,,,,,8.307
1973-12-04T03:30Z,1973-12-03T15:30,-2.829,-171.631,Kanton; Ocean,0,,35.73,2509.3,1951.5,,,,,,8.323
1973-12-04T04:08Z,1973-12-03T16:08,-2.810,-171.640,Kanton; Ocean,0,,35.73,2507.3,1928.8,,,,,,8.348
1973-12-04T04:25Z,1973-12-03T16:25,-2.800,-171.656,Kanton; Ocean,0,,35.91,2490.7,1676.3,,,,,,8.617
